episode_index,camera,source_file,ss,t
0,observation.images.side,D:\VinRobotics\Team_vla.cpp\_scratch\v21_staging\ur10e-cup-local\videos\observation.images.side\chunk-000\file-000.mp4,0.000000,40.700000
1,observation.images.side,D:\VinRobotics\Team_vla.cpp\_scratch\v21_staging\ur10e-cup-local\videos\observation.images.side\chunk-000\file-000.mp4,40.700000,31.350000
2,observation.images.side,D:\VinRobotics\Team_vla.cpp\_scratch\v21_staging\ur10e-cup-local\videos\observation.images.side\chunk-000\file-000.mp4,72.050000,31.100000
3,observation.images.side,D:\VinRobotics\Team_vla.cpp\_scratch\v21_staging\ur10e-cup-local\videos\observation.images.side\chunk-000\file-000.mp4,103.150000,30.700000
4,observation.images.side,D:\VinRobotics\Team_vla.cpp\_scratch\v21_staging\ur10e-cup-local\videos\observation.images.side\chunk-000\file-000.mp4,133.850000,30.250000
5,observation.images.side,D:\VinRobotics\Team_vla.cpp\_scratch\v21_staging\ur10e-cup-local\videos\observation.images.side\chunk-000\file-000.mp4,164.100000,31.950000
6,observation.images.side,D:\VinRobotics\Team_vla.cpp\_scratch\v21_staging\ur10e-cup-local\videos\observation.images.side\chunk-000\file-000.mp4,196.050000,33.450000
7,observation.images.side,D:\VinRobotics\Team_vla.cpp\_scratch\v21_staging\ur10e-cup-local\videos\observation.images.side\chunk-000\file-000.mp4,229.500000,31.150000
8,observation.images.side,D:\VinRobotics\Team_vla.cpp\_scratch\v21_staging\ur10e-cup-local\videos\observation.images.side\chunk-000\file-000.mp4,260.650000,31.500000
9,observation.images.side,D:\VinRobotics\Team_vla.cpp\_scratch\v21_staging\ur10e-cup-local\videos\observation.images.side\chunk-000\file-000.mp4,292.150000,29.700000
10,observation.images.side,D:\VinRobotics\Team_vla.cpp\_scratch\v21_staging\ur10e-cup-local\videos\observation.images.side\chunk-000\file-000.mp4,321.850000,30.700000
11,observation.images.side,D:\VinRobotics\Team_vla.cpp\_scratch\v21_staging\ur10e-cup-local\videos\observation.images.side\chunk-000\file-000.mp4,352.550000,30.400000
12,observation.images.side,D:\VinRobotics\Team_vla.cpp\_scratch\v21_staging\ur10e-cup-local\videos\observation.images.side\chunk-000\file-000.mp4,382.950000,31.500000
13,observation.images.side,D:\VinRobotics\Team_vla.cpp\_scratch\v21_staging\ur10e-cup-local\videos\observation.images.side\chunk-000\file-000.mp4,414.450000,28.350000
14,observation.images.side,D:\VinRobotics\Team_vla.cpp\_scratch\v21_staging\ur10e-cup-local\videos\observation.images.side\chunk-000\file-000.mp4,442.800000,30.850000
15,observation.images.side,D:\VinRobotics\Team_vla.cpp\_scratch\v21_staging\ur10e-cup-local\videos\observation.images.side\chunk-000\file-000.mp4,473.650000,30.500000
16,observation.images.side,D:\VinRobotics\Team_vla.cpp\_scratch\v21_staging\ur10e-cup-local\videos\observation.images.side\chunk-000\file-000.mp4,504.150000,30.550000
17,observation.images.side,D:\VinRobotics\Team_vla.cpp\_scratch\v21_staging\ur10e-cup-local\videos\observation.images.side\chunk-000\file-000.mp4,534.700000,31.050000
18,observation.images.side,D:\VinRobotics\Team_vla.cpp\_scratch\v21_staging\ur10e-cup-local\videos\observation.images.side\chunk-000\file-000.mp4,565.750000,32.250000
19,observation.images.side,D:\VinRobotics\Team_vla.cpp\_scratch\v21_staging\ur10e-cup-local\videos\observation.images.side\chunk-000\file-000.mp4,598.000000,30.300000
20,observation.images.side,D:\VinRobotics\Team_vla.cpp\_scratch\v21_staging\ur10e-cup-local\videos\observation.images.side\chunk-000\file-000.mp4,628.300000,29.850000
21,observation.images.side,D:\VinRobotics\Team_vla.cpp\_scratch\v21_staging\ur10e-cup-local\videos\observation.images.side\chunk-000\file-000.mp4,658.150000,31.250000
22,observation.images.side,D:\VinRobotics\Team_vla.cpp\_scratch\v21_staging\ur10e-cup-local\videos\observation.images.side\chunk-000\file-000.mp4,689.400000,30.900000
23,observation.images.side,D:\VinRobotics\Team_vla.cpp\_scratch\v21_staging\ur10e-cup-local\videos\observation.images.side\chunk-000\file-001.mp4,0.000000,30.750000
24,observation.images.side,D:\VinRobotics\Team_vla.cpp\_scratch\v21_staging\ur10e-cup-local\videos\observation.images.side\chunk-000\file-001.mp4,30.750000,31.050000
25,observation.images.side,D:\VinRobotics\Team_vla.cpp\_scratch\v21_staging\ur10e-cup-local\videos\observation.images.side\chunk-000\file-001.mp4,61.800000,30.600000
26,observation.images.side,D:\VinRobotics\Team_vla.cpp\_scratch\v21_staging\ur10e-cup-local\videos\observation.images.side\chunk-000\file-001.mp4,92.400000,32.050000
27,observation.images.side,D:\VinRobotics\Team_vla.cpp\_scratch\v21_staging\ur10e-cup-local\videos\observation.images.side\chunk-000\file-001.mp4,124.450000,31.350000
28,observation.images.side,D:\VinRobotics\Team_vla.cpp\_scratch\v21_staging\ur10e-cup-local\videos\observation.images.side\chunk-000\file-001.mp4,155.800000,31.050000
29,observation.images.side,D:\VinRobotics\Team_vla.cpp\_scratch\v21_staging\ur10e-cup-local\videos\observation.images.side\chunk-000\file-001.mp4,186.850000,30.950000
30,observation.images.side,D:\VinRobotics\Team_vla.cpp\_scratch\v21_staging\ur10e-cup-local\videos\observation.images.side\chunk-000\file-001.mp4,217.800000,32.050000
31,observation.images.side,D:\VinRobotics\Team_vla.cpp\_scratch\v21_staging\ur10e-cup-local\videos\observation.images.side\chunk-000\file-001.mp4,249.850000,29.400000
32,observation.images.side,D:\VinRobotics\Team_vla.cpp\_scratch\v21_staging\ur10e-cup-local\videos\observation.images.side\chunk-000\file-001.mp4,279.250000,29.050000
33,observation.images.side,D:\VinRobotics\Team_vla.cpp\_scratch\v21_staging\ur10e-cup-local\videos\observation.images.side\chunk-000\file-001.mp4,308.300000,30.200000
34,observation.images.side,D:\VinRobotics\Team_vla.cpp\_scratch\v21_staging\ur10e-cup-local\videos\observation.images.side\chunk-000\file-001.mp4,338.500000,30.350000
35,observation.images.side,D:\VinRobotics\Team_vla.cpp\_scratch\v21_staging\ur10e-cup-local\videos\observation.images.side\chunk-000\file-001.mp4,368.850000,31.400000
36,observation.images.side,D:\VinRobotics\Team_vla.cpp\_scratch\v21_staging\ur10e-cup-local\videos\observation.images.side\chunk-000\file-001.mp4,400.250000,31.400000
37,observation.images.side,D:\VinRobotics\Team_vla.cpp\_scratch\v21_staging\ur10e-cup-local\videos\observation.images.side\chunk-000\file-001.mp4,431.650000,29.950000
38,observation.images.side,D:\VinRobotics\Team_vla.cpp\_scratch\v21_staging\ur10e-cup-local\videos\observation.images.side\chunk-000\file-001.mp4,461.600000,30.650000
39,observation.images.side,D:\VinRobotics\Team_vla.cpp\_scratch\v21_staging\ur10e-cup-local\videos\observation.images.side\chunk-000\file-001.mp4,492.250000,31.550000
40,observation.images.side,D:\VinRobotics\Team_vla.cpp\_scratch\v21_staging\ur10e-cup-local\videos\observation.images.side\chunk-000\file-001.mp4,523.800000,28.900000
41,observation.images.side,D:\VinRobotics\Team_vla.cpp\_scratch\v21_staging\ur10e-cup-local\videos\observation.images.side\chunk-000\file-001.mp4,552.700000,31.150000
42,observation.images.side,D:\VinRobotics\Team_vla.cpp\_scratch\v21_staging\ur10e-cup-local\videos\observation.images.side\chunk-000\file-001.mp4,583.850000,30.150000
43,observation.images.side,D:\VinRobotics\Team_vla.cpp\_scratch\v21_staging\ur10e-cup-local\videos\observation.images.side\chunk-000\file-001.mp4,614.000000,30.200000
44,observation.images.side,D:\VinRobotics\Team_vla.cpp\_scratch\v21_staging\ur10e-cup-local\videos\observation.images.side\chunk-000\file-001.mp4,644.200000,29.350000
45,observation.images.side,D:\VinRobotics\Team_vla.cpp\_scratch\v21_staging\ur10e-cup-local\videos\observation.images.side\chunk-000\file-001.mp4,673.550000,30.600000
46,observation.images.side,D:\VinRobotics\Team_vla.cpp\_scratch\v21_staging\ur10e-cup-local\videos\observation.images.side\chunk-000\file-001.mp4,704.150000,31.050000
47,observation.images.side,D:\VinRobotics\Team_vla.cpp\_scratch\v21_staging\ur10e-cup-local\videos\observation.images.side\chunk-000\file-002.mp4,0.000000,29.400000
48,observation.images.side,D:\VinRobotics\Team_vla.cpp\_scratch\v21_staging\ur10e-cup-local\videos\observation.images.side\chunk-000\file-002.mp4,29.400000,30.050000
49,observation.images.side,D:\VinRobotics\Team_vla.cpp\_scratch\v21_staging\ur10e-cup-local\videos\observation.images.side\chunk-000\file-002.mp4,59.450000,30.600000
50,observation.images.side,D:\VinRobotics\Team_vla.cpp\_scratch\v21_staging\ur10e-cup-local\videos\observation.images.side\chunk-000\file-002.mp4,90.050000,30.950000
51,observation.images.side,D:\VinRobotics\Team_vla.cpp\_scratch\v21_staging\ur10e-cup-local\videos\observation.images.side\chunk-000\file-002.mp4,121.000000,30.850000
52,observation.images.side,D:\VinRobotics\Team_vla.cpp\_scratch\v21_staging\ur10e-cup-local\videos\observation.images.side\chunk-000\file-002.mp4,151.850000,30.350000
53,observation.images.side,D:\VinRobotics\Team_vla.cpp\_scratch\v21_staging\ur10e-cup-local\videos\observation.images.side\chunk-000\file-002.mp4,182.200000,29.300000
54,observation.images.side,D:\VinRobotics\Team_vla.cpp\_scratch\v21_staging\ur10e-cup-local\videos\observation.images.side\chunk-000\file-002.mp4,211.500000,29.350000
55,observation.images.side,D:\VinRobotics\Team_vla.cpp\_scratch\v21_staging\ur10e-cup-local\videos\observation.images.side\chunk-000\file-002.mp4,240.850000,29.950000
56,observation.images.side,D:\VinRobotics\Team_vla.cpp\_scratch\v21_staging\ur10e-cup-local\videos\observation.images.side\chunk-000\file-002.mp4,270.800000,30.300000
57,observation.images.side,D:\VinRobotics\Team_vla.cpp\_scratch\v21_staging\ur10e-cup-local\videos\observation.images.side\chunk-000\file-002.mp4,301.100000,29.000000
58,observation.images.side,D:\VinRobotics\Team_vla.cpp\_scratch\v21_staging\ur10e-cup-local\videos\observation.images.side\chunk-000\file-002.mp4,330.100000,31.050000
59,observation.images.side,D:\VinRobotics\Team_vla.cpp\_scratch\v21_staging\ur10e-cup-local\videos\observation.images.side\chunk-000\file-002.mp4,361.150000,30.350000
60,observation.images.side,D:\VinRobotics\Team_vla.cpp\_scratch\v21_staging\ur10e-cup-local\videos\observation.images.side\chunk-000\file-002.mp4,391.500000,29.850000
61,observation.images.side,D:\VinRobotics\Team_vla.cpp\_scratch\v21_staging\ur10e-cup-local\videos\observation.images.side\chunk-000\file-002.mp4,421.350000,30.050000
62,observation.images.side,D:\VinRobotics\Team_vla.cpp\_scratch\v21_staging\ur10e-cup-local\videos\observation.images.side\chunk-000\file-002.mp4,451.400000,30.100000
63,observation.images.side,D:\VinRobotics\Team_vla.cpp\_scratch\v21_staging\ur10e-cup-local\videos\observation.images.side\chunk-000\file-002.mp4,481.500000,30.600000
64,observation.images.side,D:\VinRobotics\Team_vla.cpp\_scratch\v21_staging\ur10e-cup-local\videos\observation.images.side\chunk-000\file-002.mp4,512.100000,29.600000
65,observation.images.side,D:\VinRobotics\Team_vla.cpp\_scratch\v21_staging\ur10e-cup-local\videos\observation.images.side\chunk-000\file-002.mp4,541.700000,32.800000
66,observation.images.side,D:\VinRobotics\Team_vla.cpp\_scratch\v21_staging\ur10e-cup-local\videos\observation.images.side\chunk-000\file-002.mp4,574.500000,29.650000
67,observation.images.side,D:\VinRobotics\Team_vla.cpp\_scratch\v21_staging\ur10e-cup-local\videos\observation.images.side\chunk-000\file-002.mp4,604.150000,32.550000
68,observation.images.side,D:\VinRobotics\Team_vla.cpp\_scratch\v21_staging\ur10e-cup-local\videos\observation.images.side\chunk-000\file-002.mp4,636.700000,29.950000
69,observation.images.side,D:\VinRobotics\Team_vla.cpp\_scratch\v21_staging\ur10e-cup-local\videos\observation.images.side\chunk-000\file-002.mp4,666.650000,31.000000
70,observation.images.side,D:\VinRobotics\Team_vla.cpp\_scratch\v21_staging\ur10e-cup-local\videos\observation.images.side\chunk-000\file-003.mp4,0.000000,30.300000
71,observation.images.side,D:\VinRobotics\Team_vla.cpp\_scratch\v21_staging\ur10e-cup-local\videos\observation.images.side\chunk-000\file-003.mp4,30.300000,28.550000
72,observation.images.side,D:\VinRobotics\Team_vla.cpp\_scratch\v21_staging\ur10e-cup-local\videos\observation.images.side\chunk-000\file-003.mp4,58.850000,31.250000
73,observation.images.side,D:\VinRobotics\Team_vla.cpp\_scratch\v21_staging\ur10e-cup-local\videos\observation.images.side\chunk-000\file-003.mp4,90.100000,33.750000
74,observation.images.side,D:\VinRobotics\Team_vla.cpp\_scratch\v21_staging\ur10e-cup-local\videos\observation.images.side\chunk-000\file-003.mp4,123.850000,32.750000
75,observation.images.side,D:\VinRobotics\Team_vla.cpp\_scratch\v21_staging\ur10e-cup-local\videos\observation.images.side\chunk-000\file-003.mp4,156.600000,28.700000
76,observation.images.side,D:\VinRobotics\Team_vla.cpp\_scratch\v21_staging\ur10e-cup-local\videos\observation.images.side\chunk-000\file-003.mp4,185.300000,29.850000
77,observation.images.side,D:\VinRobotics\Team_vla.cpp\_scratch\v21_staging\ur10e-cup-local\videos\observation.images.side\chunk-000\file-003.mp4,215.150000,30.650000
78,observation.images.side,D:\VinRobotics\Team_vla.cpp\_scratch\v21_staging\ur10e-cup-local\videos\observation.images.side\chunk-000\file-003.mp4,245.800000,30.500000
79,observation.images.side,D:\VinRobotics\Team_vla.cpp\_scratch\v21_staging\ur10e-cup-local\videos\observation.images.side\chunk-000\file-003.mp4,276.300000,30.300000
80,observation.images.side,D:\VinRobotics\Team_vla.cpp\_scratch\v21_staging\ur10e-cup-local\videos\observation.images.side\chunk-000\file-003.mp4,306.600000,29.200000
0,observation.images.wrist,D:\VinRobotics\Team_vla.cpp\_scratch\v21_staging\ur10e-cup-local\videos\observation.images.wrist\chunk-000\file-000.mp4,0.000000,40.700000
1,observation.images.wrist,D:\VinRobotics\Team_vla.cpp\_scratch\v21_staging\ur10e-cup-local\videos\observation.images.wrist\chunk-000\file-000.mp4,40.700000,31.350000
2,observation.images.wrist,D:\VinRobotics\Team_vla.cpp\_scratch\v21_staging\ur10e-cup-local\videos\observation.images.wrist\chunk-000\file-000.mp4,72.050000,31.100000
3,observation.images.wrist,D:\VinRobotics\Team_vla.cpp\_scratch\v21_staging\ur10e-cup-local\videos\observation.images.wrist\chunk-000\file-000.mp4,103.150000,30.700000
4,observation.images.wrist,D:\VinRobotics\Team_vla.cpp\_scratch\v21_staging\ur10e-cup-local\videos\observation.images.wrist\chunk-000\file-000.mp4,133.850000,30.250000
5,observation.images.wrist,D:\VinRobotics\Team_vla.cpp\_scratch\v21_staging\ur10e-cup-local\videos\observation.images.wrist\chunk-000\file-000.mp4,164.100000,31.950000
6,observation.images.wrist,D:\VinRobotics\Team_vla.cpp\_scratch\v21_staging\ur10e-cup-local\videos\observation.images.wrist\chunk-000\file-000.mp4,196.050000,33.450000
7,observation.images.wrist,D:\VinRobotics\Team_vla.cpp\_scratch\v21_staging\ur10e-cup-local\videos\observation.images.wrist\chunk-000\file-000.mp4,229.500000,31.150000
8,observation.images.wrist,D:\VinRobotics\Team_vla.cpp\_scratch\v21_staging\ur10e-cup-local\videos\observation.images.wrist\chunk-000\file-000.mp4,260.650000,31.500000
9,observation.images.wrist,D:\VinRobotics\Team_vla.cpp\_scratch\v21_staging\ur10e-cup-local\videos\observation.images.wrist\chunk-000\file-000.mp4,292.150000,29.700000
10,observation.images.wrist,D:\VinRobotics\Team_vla.cpp\_scratch\v21_staging\ur10e-cup-local\videos\observation.images.wrist\chunk-000\file-000.mp4,321.850000,30.700000
11,observation.images.wrist,D:\VinRobotics\Team_vla.cpp\_scratch\v21_staging\ur10e-cup-local\videos\observation.images.wrist\chunk-000\file-000.mp4,352.550000,30.400000
12,observation.images.wrist,D:\VinRobotics\Team_vla.cpp\_scratch\v21_staging\ur10e-cup-local\videos\observation.images.wrist\chunk-000\file-000.mp4,382.950000,31.500000
13,observation.images.wrist,D:\VinRobotics\Team_vla.cpp\_scratch\v21_staging\ur10e-cup-local\videos\observation.images.wrist\chunk-000\file-000.mp4,414.450000,28.350000
14,observation.images.wrist,D:\VinRobotics\Team_vla.cpp\_scratch\v21_staging\ur10e-cup-local\videos\observation.images.wrist\chunk-000\file-000.mp4,442.800000,30.850000
15,observation.images.wrist,D:\VinRobotics\Team_vla.cpp\_scratch\v21_staging\ur10e-cup-local\videos\observation.images.wrist\chunk-000\file-000.mp4,473.650000,30.500000
16,observation.images.wrist,D:\VinRobotics\Team_vla.cpp\_scratch\v21_staging\ur10e-cup-local\videos\observation.images.wrist\chunk-000\file-000.mp4,504.150000,30.550000
17,observation.images.wrist,D:\VinRobotics\Team_vla.cpp\_scratch\v21_staging\ur10e-cup-local\videos\observation.images.wrist\chunk-000\file-000.mp4,534.700000,31.050000
18,observation.images.wrist,D:\VinRobotics\Team_vla.cpp\_scratch\v21_staging\ur10e-cup-local\videos\observation.images.wrist\chunk-000\file-000.mp4,565.750000,32.250000
19,observation.images.wrist,D:\VinRobotics\Team_vla.cpp\_scratch\v21_staging\ur10e-cup-local\videos\observation.images.wrist\chunk-000\file-000.mp4,598.000000,30.300000
20,observation.images.wrist,D:\VinRobotics\Team_vla.cpp\_scratch\v21_staging\ur10e-cup-local\videos\observation.images.wrist\chunk-000\file-000.mp4,628.300000,29.850000
21,observation.images.wrist,D:\VinRobotics\Team_vla.cpp\_scratch\v21_staging\ur10e-cup-local\videos\observation.images.wrist\chunk-000\file-000.mp4,658.150000,31.250000
22,observation.images.wrist,D:\VinRobotics\Team_vla.cpp\_scratch\v21_staging\ur10e-cup-local\videos\observation.images.wrist\chunk-000\file-000.mp4,689.400000,30.900000
23,observation.images.wrist,D:\VinRobotics\Team_vla.cpp\_scratch\v21_staging\ur10e-cup-local\videos\observation.images.wrist\chunk-000\file-000.mp4,720.300000,30.750000
24,observation.images.wrist,D:\VinRobotics\Team_vla.cpp\_scratch\v21_staging\ur10e-cup-local\videos\observation.images.wrist\chunk-000\file-000.mp4,751.050000,31.050000
25,observation.images.wrist,D:\VinRobotics\Team_vla.cpp\_scratch\v21_staging\ur10e-cup-local\videos\observation.images.wrist\chunk-000\file-000.mp4,782.100000,30.600000
26,observation.images.wrist,D:\VinRobotics\Team_vla.cpp\_scratch\v21_staging\ur10e-cup-local\videos\observation.images.wrist\chunk-000\file-000.mp4,812.700000,32.050000
27,observation.images.wrist,D:\VinRobotics\Team_vla.cpp\_scratch\v21_staging\ur10e-cup-local\videos\observation.images.wrist\chunk-000\file-000.mp4,844.750000,31.350000
28,observation.images.wrist,D:\VinRobotics\Team_vla.cpp\_scratch\v21_staging\ur10e-cup-local\videos\observation.images.wrist\chunk-000\file-000.mp4,876.100000,31.050000
29,observation.images.wrist,D:\VinRobotics\Team_vla.cpp\_scratch\v21_staging\ur10e-cup-local\videos\observation.images.wrist\chunk-000\file-000.mp4,907.150000,30.950000
30,observation.images.wrist,D:\VinRobotics\Team_vla.cpp\_scratch\v21_staging\ur10e-cup-local\videos\observation.images.wrist\chunk-000\file-000.mp4,938.100000,32.050000
31,observation.images.wrist,D:\VinRobotics\Team_vla.cpp\_scratch\v21_staging\ur10e-cup-local\videos\observation.images.wrist\chunk-000\file-000.mp4,970.150000,29.400000
32,observation.images.wrist,D:\VinRobotics\Team_vla.cpp\_scratch\v21_staging\ur10e-cup-local\videos\observation.images.wrist\chunk-000\file-000.mp4,999.550000,29.050000
33,observation.images.wrist,D:\VinRobotics\Team_vla.cpp\_scratch\v21_staging\ur10e-cup-local\videos\observation.images.wrist\chunk-000\file-000.mp4,1028.600000,30.200000
34,observation.images.wrist,D:\VinRobotics\Team_vla.cpp\_scratch\v21_staging\ur10e-cup-local\videos\observation.images.wrist\chunk-000\file-000.mp4,1058.800000,30.350000
35,observation.images.wrist,D:\VinRobotics\Team_vla.cpp\_scratch\v21_staging\ur10e-cup-local\videos\observation.images.wrist\chunk-000\file-000.mp4,1089.150000,31.400000
36,observation.images.wrist,D:\VinRobotics\Team_vla.cpp\_scratch\v21_staging\ur10e-cup-local\videos\observation.images.wrist\chunk-000\file-000.mp4,1120.550000,31.400000
37,observation.images.wrist,D:\VinRobotics\Team_vla.cpp\_scratch\v21_staging\ur10e-cup-local\videos\observation.images.wrist\chunk-000\file-000.mp4,1151.950000,29.950000
38,observation.images.wrist,D:\VinRobotics\Team_vla.cpp\_scratch\v21_staging\ur10e-cup-local\videos\observation.images.wrist\chunk-000\file-001.mp4,0.000000,30.650000
39,observation.images.wrist,D:\VinRobotics\Team_vla.cpp\_scratch\v21_staging\ur10e-cup-local\videos\observation.images.wrist\chunk-000\file-001.mp4,30.650000,31.550000
40,observation.images.wrist,D:\VinRobotics\Team_vla.cpp\_scratch\v21_staging\ur10e-cup-local\videos\observation.images.wrist\chunk-000\file-001.mp4,62.200000,28.900000
41,observation.images.wrist,D:\VinRobotics\Team_vla.cpp\_scratch\v21_staging\ur10e-cup-local\videos\observation.images.wrist\chunk-000\file-001.mp4,91.100000,31.150000
42,observation.images.wrist,D:\VinRobotics\Team_vla.cpp\_scratch\v21_staging\ur10e-cup-local\videos\observation.images.wrist\chunk-000\file-001.mp4,122.250000,30.150000
43,observation.images.wrist,D:\VinRobotics\Team_vla.cpp\_scratch\v21_staging\ur10e-cup-local\videos\observation.images.wrist\chunk-000\file-001.mp4,152.400000,30.200000
44,observation.images.wrist,D:\VinRobotics\Team_vla.cpp\_scratch\v21_staging\ur10e-cup-local\videos\observation.images.wrist\chunk-000\file-001.mp4,182.600000,29.350000
45,observation.images.wrist,D:\VinRobotics\Team_vla.cpp\_scratch\v21_staging\ur10e-cup-local\videos\observation.images.wrist\chunk-000\file-001.mp4,211.950000,30.600000
46,observation.images.wrist,D:\VinRobotics\Team_vla.cpp\_scratch\v21_staging\ur10e-cup-local\videos\observation.images.wrist\chunk-000\file-001.mp4,242.550000,31.050000
47,observation.images.wrist,D:\VinRobotics\Team_vla.cpp\_scratch\v21_staging\ur10e-cup-local\videos\observation.images.wrist\chunk-000\file-001.mp4,273.600000,29.400000
48,observation.images.wrist,D:\VinRobotics\Team_vla.cpp\_scratch\v21_staging\ur10e-cup-local\videos\observation.images.wrist\chunk-000\file-001.mp4,303.000000,30.050000
49,observation.images.wrist,D:\VinRobotics\Team_vla.cpp\_scratch\v21_staging\ur10e-cup-local\videos\observation.images.wrist\chunk-000\file-001.mp4,333.050000,30.600000
50,observation.images.wrist,D:\VinRobotics\Team_vla.cpp\_scratch\v21_staging\ur10e-cup-local\videos\observation.images.wrist\chunk-000\file-001.mp4,363.650000,30.950000
51,observation.images.wrist,D:\VinRobotics\Team_vla.cpp\_scratch\v21_staging\ur10e-cup-local\videos\observation.images.wrist\chunk-000\file-001.mp4,394.600000,30.850000
52,observation.images.wrist,D:\VinRobotics\Team_vla.cpp\_scratch\v21_staging\ur10e-cup-local\videos\observation.images.wrist\chunk-000\file-001.mp4,425.450000,30.350000
53,observation.images.wrist,D:\VinRobotics\Team_vla.cpp\_scratch\v21_staging\ur10e-cup-local\videos\observation.images.wrist\chunk-000\file-001.mp4,455.800000,29.300000
54,observation.images.wrist,D:\VinRobotics\Team_vla.cpp\_scratch\v21_staging\ur10e-cup-local\videos\observation.images.wrist\chunk-000\file-001.mp4,485.100000,29.350000
55,observation.images.wrist,D:\VinRobotics\Team_vla.cpp\_scratch\v21_staging\ur10e-cup-local\videos\observation.images.wrist\chunk-000\file-001.mp4,514.450000,29.950000
56,observation.images.wrist,D:\VinRobotics\Team_vla.cpp\_scratch\v21_staging\ur10e-cup-local\videos\observation.images.wrist\chunk-000\file-001.mp4,544.400000,30.300000
57,observation.images.wrist,D:\VinRobotics\Team_vla.cpp\_scratch\v21_staging\ur10e-cup-local\videos\observation.images.wrist\chunk-000\file-001.mp4,574.700000,29.000000
58,observation.images.wrist,D:\VinRobotics\Team_vla.cpp\_scratch\v21_staging\ur10e-cup-local\videos\observation.images.wrist\chunk-000\file-001.mp4,603.700000,31.050000
59,observation.images.wrist,D:\VinRobotics\Team_vla.cpp\_scratch\v21_staging\ur10e-cup-local\videos\observation.images.wrist\chunk-000\file-001.mp4,634.750000,30.350000
60,observation.images.wrist,D:\VinRobotics\Team_vla.cpp\_scratch\v21_staging\ur10e-cup-local\videos\observation.images.wrist\chunk-000\file-001.mp4,665.100000,29.850000
61,observation.images.wrist,D:\VinRobotics\Team_vla.cpp\_scratch\v21_staging\ur10e-cup-local\videos\observation.images.wrist\chunk-000\file-001.mp4,694.950000,30.050000
62,observation.images.wrist,D:\VinRobotics\Team_vla.cpp\_scratch\v21_staging\ur10e-cup-local\videos\observation.images.wrist\chunk-000\file-001.mp4,725.000000,30.100000
63,observation.images.wrist,D:\VinRobotics\Team_vla.cpp\_scratch\v21_staging\ur10e-cup-local\videos\observation.images.wrist\chunk-000\file-001.mp4,755.100000,30.600000
64,observation.images.wrist,D:\VinRobotics\Team_vla.cpp\_scratch\v21_staging\ur10e-cup-local\videos\observation.images.wrist\chunk-000\file-001.mp4,785.700000,29.600000
65,observation.images.wrist,D:\VinRobotics\Team_vla.cpp\_scratch\v21_staging\ur10e-cup-local\videos\observation.images.wrist\chunk-000\file-001.mp4,815.300000,32.800000
66,observation.images.wrist,D:\VinRobotics\Team_vla.cpp\_scratch\v21_staging\ur10e-cup-local\videos\observation.images.wrist\chunk-000\file-001.mp4,848.100000,29.650000
67,observation.images.wrist,D:\VinRobotics\Team_vla.cpp\_scratch\v21_staging\ur10e-cup-local\videos\observation.images.wrist\chunk-000\file-001.mp4,877.750000,32.550000
68,observation.images.wrist,D:\VinRobotics\Team_vla.cpp\_scratch\v21_staging\ur10e-cup-local\videos\observation.images.wrist\chunk-000\file-001.mp4,910.300000,29.950000
69,observation.images.wrist,D:\VinRobotics\Team_vla.cpp\_scratch\v21_staging\ur10e-cup-local\videos\observation.images.wrist\chunk-000\file-001.mp4,940.250000,31.000000
70,observation.images.wrist,D:\VinRobotics\Team_vla.cpp\_scratch\v21_staging\ur10e-cup-local\videos\observation.images.wrist\chunk-000\file-001.mp4,971.250000,30.300000
71,observation.images.wrist,D:\VinRobotics\Team_vla.cpp\_scratch\v21_staging\ur10e-cup-local\videos\observation.images.wrist\chunk-000\file-001.mp4,1001.550000,28.550000
72,observation.images.wrist,D:\VinRobotics\Team_vla.cpp\_scratch\v21_staging\ur10e-cup-local\videos\observation.images.wrist\chunk-000\file-001.mp4,1030.100000,31.250000
73,observation.images.wrist,D:\VinRobotics\Team_vla.cpp\_scratch\v21_staging\ur10e-cup-local\videos\observation.images.wrist\chunk-000\file-001.mp4,1061.350000,33.750000
74,observation.images.wrist,D:\VinRobotics\Team_vla.cpp\_scratch\v21_staging\ur10e-cup-local\videos\observation.images.wrist\chunk-000\file-001.mp4,1095.100000,32.750000
75,observation.images.wrist,D:\VinRobotics\Team_vla.cpp\_scratch\v21_staging\ur10e-cup-local\videos\observation.images.wrist\chunk-000\file-001.mp4,1127.850000,28.700000
76,observation.images.wrist,D:\VinRobotics\Team_vla.cpp\_scratch\v21_staging\ur10e-cup-local\videos\observation.images.wrist\chunk-000\file-001.mp4,1156.550000,29.850000
77,observation.images.wrist,D:\VinRobotics\Team_vla.cpp\_scratch\v21_staging\ur10e-cup-local\videos\observation.images.wrist\chunk-000\file-001.mp4,1186.400000,30.650000
78,observation.images.wrist,D:\VinRobotics\Team_vla.cpp\_scratch\v21_staging\ur10e-cup-local\videos\observation.images.wrist\chunk-000\file-001.mp4,1217.050000,30.500000
79,observation.images.wrist,D:\VinRobotics\Team_vla.cpp\_scratch\v21_staging\ur10e-cup-local\videos\observation.images.wrist\chunk-000\file-002.mp4,0.000000,30.300000
80,observation.images.wrist,D:\VinRobotics\Team_vla.cpp\_scratch\v21_staging\ur10e-cup-local\videos\observation.images.wrist\chunk-000\file-002.mp4,30.300000,29.200000
